doc_id,title,source,publisher,pub_date,url,download_url,format,license,local_path
htn-accaha-2017,"2017 ACC/AHA Guideline for the Prevention, Detection, Evaluation, and Management of High Blood Pressure in Adults",ACC/AHA,American Heart Association,2017-11-13,https://www.ahajournals.org/doi/10.1161/HYP.0000000000000065,https://www.multiplechronicconditions.org/wp-content/uploads/2022/12/2017-American-College-of-Cardiology-and-American-Heart-Association-Hypertension-Guideline.pdf,pdf,Copyright AHA - free access for educational use; verify before redistribution,data/corpus/htn-accaha-2017.pdf
htn-jnc8-2014,2014 Evidence-Based Guideline for the Management of High Blood Pressure in Adults (JNC 8),JNC 8,JAMA / Eighth Joint National Committee,2014-02-05,https://jamanetwork.com/journals/jama/fullarticle/1791497,https://episeminars.web.unc.edu/wp-content/uploads/sites/7549/2014/09/2014-Guidelines-Management-of-High-BP_JAMA-2014.pdf,pdf,Copyright AMA - educational use; verify before redistribution,data/corpus/htn-jnc8-2014.pdf
htn-nice-ng136,Hypertension in adults: diagnosis and management (NG136),NICE,National Institute for Health and Care Excellence,2019-08-28,https://www.nice.org.uk/guidance/ng136,https://www.nice.org.uk/guidance/ng136/resources/hypertension-in-adults-diagnosis-and-management-pdf-66141722710213,pdf,(c) NICE - NICE UK Open Content Licence,data/corpus/htn-nice-ng136.pdf
htn-nice-ng136-visual,NG136 Hypertension in adults: visual summary,NICE,National Institute for Health and Care Excellence,2025-07-23,https://www.nice.org.uk/guidance/ng136,https://www.nice.org.uk/guidance/ng136/resources/visual-summary-pdf-6899919517,pdf,(c) NICE - NICE UK Open Content Licence,data/corpus/htn-nice-ng136-visual.pdf
htn-uspstf-2021,Hypertension in Adults: Screening - Final Recommendation Statement,USPSTF,U.S. Preventive Services Task Force,2021-04-27,https://www.uspreventiveservicestaskforce.org/uspstf/recommendation/hypertension-in-adults-screening,,html,Public domain (US Government work),data/corpus/htn-uspstf-2021.html
htn-who-2021,Guideline for the pharmacological treatment of hypertension in adults,WHO,World Health Organization,2021-08-25,https://www.who.int/publications/i/item/9789240033986,https://iris.who.int/bitstream/handle/10665/344424/9789240033986-eng.pdf,pdf,CC BY-NC-SA 3.0 IGO,data/corpus/htn-who-2021.pdf
htn-cdc-about,About High Blood Pressure,CDC,Centers for Disease Control and Prevention,,https://www.cdc.gov/high-blood-pressure/about/index.html,,html,Public domain (US Government work),data/corpus/htn-cdc-about.html
htn-cdc-facts,High Blood Pressure Facts,CDC,Centers for Disease Control and Prevention,,https://www.cdc.gov/high-blood-pressure/data-research/facts-stats/index.html,,html,Public domain (US Government work),data/corpus/htn-cdc-facts.html
htn-cdc-risk,High Blood Pressure Risk Factors,CDC,Centers for Disease Control and Prevention,,https://www.cdc.gov/high-blood-pressure/risk-factors/index.html,,html,Public domain (US Government work),data/corpus/htn-cdc-risk.html
